-- phpMyAdmin SQL Dump
-- version 4.1.6
-- http://www.phpmyadmin.net
--
-- Host: 127.0.0.1
-- Generation Time: Mar 13, 2015 at 05:19 AM
-- Server version: 5.6.16
-- PHP Version: 5.5.9

SET SQL_MODE = "NO_AUTO_VALUE_ON_ZERO";
SET time_zone = "+00:00";


/*!40101 SET @OLD_CHARACTER_SET_CLIENT=@@CHARACTER_SET_CLIENT */;
/*!40101 SET @OLD_CHARACTER_SET_RESULTS=@@CHARACTER_SET_RESULTS */;
/*!40101 SET @OLD_COLLATION_CONNECTION=@@COLLATION_CONNECTION */;
/*!40101 SET NAMES utf8 */;

--
-- Database: `mockup_version`
--

-- --------------------------------------------------------

--
-- Table structure for table `comments`
--

CREATE TABLE IF NOT EXISTS `comments` (
  `id` int(11) NOT NULL AUTO_INCREMENT,
  `X` longtext NOT NULL,
  `Y` longtext NOT NULL,
  `documentId` int(11) NOT NULL,
  `userId` int(11) NOT NULL,
  `page` longtext NOT NULL,
  `created_at` timestamp NOT NULL DEFAULT CURRENT_TIMESTAMP ON UPDATE CURRENT_TIMESTAMP,
  `updated_at` timestamp NOT NULL DEFAULT '0000-00-00 00:00:00',
  PRIMARY KEY (`id`)
) ENGINE=InnoDB  DEFAULT CHARSET=latin1 AUTO_INCREMENT=6755 ;

--
-- Dumping data for table `comments`
--

INSERT INTO `comments` (`id`, `X`, `Y`, `documentId`, `userId`, `page`, `created_at`, `updated_at`) VALUES
(6742, '510,508,504,499,491,483,473,463,454,443,436,421,414,410,404,401,396,393,391,388,386,385,384,383,381,380,378,378,377,376,375,375,375,375,375,375,375,375,375,376,383,387,389,393,397,400,403,407,411,415,418,421,426,431,437,445,453,462,468,477,488,495,500,504,510,515,521,525,533,540,548,554,560,566,574,578,584,585,588,589,594,597,599,605,610,612,613,614,614,614,613,610,608,603,598,594,590,585,578,572,566,562,552,547,538,531,526,519,514,512,510,509,507,506,504,502,499,497,495,494,493,492,491,490,488,486,485,484,482,481,480,479', '98,98,97,97,96,94,92,92,92,92,92,92,92,92,93,94,95,97,98,98,99,101,101,102,104,105,107,109,110,112,115,116,119,122,124,127,130,133,135,141,146,148,148,150,152,152,153,154,155,156,157,157,159,159,160,161,161,161,161,161,161,161,161,161,160,159,157,155,153,149,147,145,142,139,138,135,133,132,130,128,126,124,123,121,117,116,115,115,114,112,111,109,107,105,101,101,101,98,97,95,93,92,91,91,90,90,90,88,87,87,87,87,87,87,87,88,88,89,91,91,91,92,92,92,93,95,95,96,97,99,99,100', 27, 4, '1,1,1,1,1,1,1,1,1,1,1,1,1,1,1,1,1,1,1,1,1,1,1,1,1,1,1,1,1,1,1,1,1,1,1,1,1,1,1,1,1,1,1,1,1,1,1,1,1,1,1,1,1,1,1,1,1,1,1,1,1,1,1,1,1,1,1,1,1,1,1,1,1,1,1,1,1,1,1,1,1,1,1,1,1,1,1,1,1,1,1,1,1,1,1,1,1,1,1,1,1,1,1,1,1,1,1,1,1,1,1,1,1,1,1,1,1,1,1,1,1,1,1,1,1,1,1,1,1,1,1,1', '2015-02-19 04:20:52', '2015-02-19 04:20:52'),
(6743, '348,347,346,345,343,341,338,336,332,329,323,319,312,306,300,293,280,275,272,268,266,263,261,259,256,251,246,241,234,228,225,220,214,211,206,202,196,190,186,183,180,178,175,174,174,173,172,172,170,169,169,168,166,166,165,164,163,162,162,162,162,162,162,162,162,162,162,162,162,163,165,169,171,173,177,179,180,185,186,189,190,194,197,201,205,213,219,226,231,235,240,243,245,249,250,252,254,258,261,265,272,279,286,292,297,300,303,305,307,308,309,311,314,317,321,326,329,332,333,336,338,338,340,341,342,344,345,345,347,349,349,351,352,352,353,353,353,353,353,353,353,353,353,353,353,353,352,351,350,350,350,348,348,348,347,347,347,347,345,345,344,344,344,344,344,344,344,344,344,345,346,347', '113,111,109,107,105,102,98,97,94,93,89,89,84,84,84,83,83,83,83,83,83,83,83,83,83,83,83,83,83,83,83,83,83,83,84,84,85,86,88,89,90,92,94,95,96,98,100,102,106,107,110,112,114,115,117,117,119,119,120,121,123,124,126,129,131,134,136,139,141,145,148,153,156,159,161,164,165,168,169,172,173,177,180,182,185,188,191,193,195,197,198,199,200,201,201,202,202,203,204,204,205,205,206,208,208,208,208,208,208,208,207,204,202,198,196,193,190,189,187,186,185,184,184,183,182,180,179,177,175,172,169,167,164,162,160,159,158,156,155,153,152,151,149,147,144,143,140,139,137,136,135,133,131,130,129,128,127,126,124,123,122,120,119,117,116,114,113,111,110,109,108,108', 26, 4, '1,1,1,1,1,1,1,1,1,1,1,1,1,1,1,1,1,1,1,1,1,1,1,1,1,1,1,1,1,1,1,1,1,1,1,1,1,1,1,1,1,1,1,1,1,1,1,1,1,1,1,1,1,1,1,1,1,1,1,1,1,1,1,1,1,1,1,1,1,1,1,1,1,1,1,1,1,1,1,1,1,1,1,1,1,1,1,1,1,1,1,1,1,1,1,1,1,1,1,1,1,1,1,1,1,1,1,1,1,1,1,1,1,1,1,1,1,1,1,1,1,1,1,1,1,1,1,1,1,1,1,1,1,1,1,1,1,1,1,1,1,1,1,1,1,1,1,1,1,1,1,1,1,1,1,1,1,1,1,1,1,1,1,1,1,1,1,1,1,1,1,1', '2015-02-22 22:43:07', '2015-02-22 22:43:07'),
(6744, '297,296,293,290,287,281,277,268,262,254,249,243,237,232,225,219,214,208,203,197,193,190,187,183,179,175,171,168,164,161,157,155,151,146,143,139,135,132,128,125,123,118,115,109,104,98,93,89,85,83,81,80,79,79,79,79,79,77,77,76,76,76,76,76,76,76,76,76,76,76,76,76,79,82,86,88,89,91,93,94,95,97,99,101,107,110,116,122,126,129,131,133,137,139,142,146,149,153,160,170,179,189,198,209,220,230,237,244,249,253,258,261,262,265,267,269,272,275,277,279,282,283,284,286,287,288,290,291,292,294,294,294,294,295,295,296,297,297,297,298,298,298,298,298,299,299,299,301,301,301,301,301,301,301,301,301,301,301,301,301,301,301,301,300,300,300,299', '305,305,304,303,303,301,300,298,296,295,295,294,294,294,294,294,294,294,294,294,294,294,294,294,294,294,294,294,294,294,294,294,294,294,294,294,294,294,294,294,294,294,295,296,297,299,300,300,300,300,300,300,301,302,303,305,307,308,309,311,313,314,316,318,321,323,325,329,332,338,341,344,350,353,356,358,360,361,362,363,363,365,366,366,368,370,371,371,372,372,373,373,374,374,374,375,375,376,376,376,376,376,376,376,376,376,376,376,376,376,376,376,376,376,376,376,376,376,374,373,371,370,368,367,366,365,363,362,361,359,358,356,355,353,352,350,348,347,346,344,342,341,339,338,336,335,331,330,329,328,326,325,324,323,322,319,318,316,315,314,312,311,309,308,306,305,305', 22, 4, '1,1,1,1,1,1,1,1,1,1,1,1,1,1,1,1,1,1,1,1,1,1,1,1,1,1,1,1,1,1,1,1,1,1,1,1,1,1,1,1,1,1,1,1,1,1,1,1,1,1,1,1,1,1,1,1,1,1,1,1,1,1,1,1,1,1,1,1,1,1,1,1,1,1,1,1,1,1,1,1,1,1,1,1,1,1,1,1,1,1,1,1,1,1,1,1,1,1,1,1,1,1,1,1,1,1,1,1,1,1,1,1,1,1,1,1,1,1,1,1,1,1,1,1,1,1,1,1,1,1,1,1,1,1,1,1,1,1,1,1,1,1,1,1,1,1,1,1,1,1,1,1,1,1,1,1,1,1,1,1,1,1,1,1,1,1,1', '2015-02-22 22:46:49', '2015-02-22 22:46:49'),
(6748, '130,130,130,130,130,130,130,131,132,132,133,133,134,134,135,135,136,136,136,136,137,137,138,138,138,139,139,139,140,140,141,142,142,143,144,144,144,144,144,144,144,144,144,144,144,145,146,148,148,150,151,153,155,156,158,159,161,164,165,168,171,175,179,186,191,198,207,212,222,229,237,245,253,263,273,285,296,305,316,324,335,345,353,360,369,376,384,394,401,409,416,424,431,438,445,449,453,458,461,463,466,469,472,474,478,482,485,489,490,493,495,496,497,498,499,127,127,131,133,135,138,140,141,143,146,149,150,153,156,161,165,168,172,174,178,182,187,194,199,206,213,220,228,236,244,251,258,265,272,279,284,293,299,308,316,324,334,341,346,355,359,363,368,371,375,377,382,388,392,397,402,405,406,408,409,412,413,416,417,420,423,425,427,430,431,434,436,441,448,455,463,469,475,479,484,487,490,491,492,493,495,496,497,497,497,497,497,499,499,500,500,500,500,500,500,500,500,500,500,500,500,500,501,502,502,502,503,503,503,503,503,503,503,503,504,504,505,505,505,505,506,506,506,506,506,506,506,506,506,506,506,504,504,502,501,500,498,497,495,494,492,491,489,488,486,485,484', '161,163,173,177,181,187,190,196,199,202,204,208,211,215,218,220,224,226,229,231,234,235,237,238,240,242,245,249,250,254,257,261,262,264,265,267,269,270,271,272,273,274,277,279,280,280,280,280,278,277,275,273,271,270,268,267,266,265,265,263,262,262,262,261,260,260,260,260,258,258,258,258,258,258,258,258,258,258,258,258,258,258,258,258,258,258,258,258,258,258,258,258,258,257,257,257,257,257,256,256,256,256,256,256,256,256,256,256,256,256,256,256,256,256,256,154,155,156,158,159,159,159,159,160,160,162,162,162,163,163,163,163,163,163,163,163,163,163,163,163,163,163,163,163,163,163,163,163,163,163,163,163,163,163,163,163,163,163,163,162,161,161,161,161,161,161,161,161,161,161,161,161,161,161,161,161,161,161,161,161,161,161,161,161,161,161,161,161,162,162,163,164,165,166,166,166,166,166,166,166,166,166,166,167,170,173,177,181,184,191,194,197,199,202,205,206,207,209,212,213,215,216,219,221,222,223,223,226,228,229,230,232,234,236,239,240,243,244,245,247,248,249,250,251,252,253,254,255,256,257,258,258,259,259,259,259,259,259,259,259,259,259,259,259,259,259,258', 19, 4, '1,1,1,1,1,1,1,1,1,1,1,1,1,1,1,1,1,1,1,1,1,1,1,1,1,1,1,1,1,1,1,1,1,1,1,1,1,1,1,1,1,1,1,1,1,1,1,1,1,1,1,1,1,1,1,1,1,1,1,1,1,1,1,1,1,1,1,1,1,1,1,1,1,1,1,1,1,1,1,1,1,1,1,1,1,1,1,1,1,1,1,1,1,1,1,1,1,1,1,1,1,1,1,1,1,1,1,1,1,1,1,1,1,1,1,1,1,1,1,1,1,1,1,1,1,1,1,1,1,1,1,1,1,1,1,1,1,1,1,1,1,1,1,1,1,1,1,1,1,1,1,1,1,1,1,1,1,1,1,1,1,1,1,1,1,1,1,1,1,1,1,1,1,1,1,1,1,1,1,1,1,1,1,1,1,1,1,1,1,1,1,1,1,1,1,1,1,1,1,1,1,1,1,1,1,1,1,1,1,1,1,1,1,1,1,1,1,1,1,1,1,1,1,1,1,1,1,1,1,1,1,1,1,1,1,1,1,1,1,1,1,1,1,1,1,1,1,1,1,1,1,1,1,1,1,1,1,1,1,1,1,1,1,1,1,1,1', '2015-02-23 23:47:02', '2015-02-23 23:47:02'),
(6749, '360,360,358,356,353,348,347,343,340,337,333,331,327,324,321,316,312,307,302,296,287,283,278,272,267,254,249,243,236,231,225,217,211,207,203,198,194,191,185,182,180,178,176,175,173,173,171,171,171,170,170,170,170,170,170,170,170,170,170,171,172,175,176,177,180,182,185,187,191,194,197,202,206,211,217,223,230,236,242,246,251,253,257,262,266,272,275,280,286,294,300,308,315,320,327,331,334,338,340,342,344,347,347,349,351,352,353,355,357,358,360,361,362,363,364,365,365,366,366,366,366,366,366,366,366,364,363,362,360,360,359,358,357,356,355,355,354,354,354,354,354,353,353,353,353,352,352,351,351,351,351,351,351,351', '95,94,93,91,90,87,86,84,83,83,80,79,79,78,78,76,76,75,74,73,71,71,71,71,71,71,71,71,71,71,71,71,71,71,71,71,72,72,75,76,76,77,79,80,81,82,84,85,86,88,89,91,92,94,95,97,100,102,105,108,111,116,120,124,129,133,138,143,149,155,160,166,172,176,181,185,189,192,196,197,199,200,200,202,203,203,203,204,204,204,204,204,204,204,204,204,204,204,202,201,198,196,195,193,191,188,184,181,175,174,170,166,163,159,158,155,154,150,148,147,144,143,138,135,132,129,127,124,123,121,119,118,115,113,112,109,107,106,105,102,101,98,97,95,92,90,88,87,84,83,82,81,80,79', 24, 4, '1,1,1,1,1,1,1,1,1,1,1,1,1,1,1,1,1,1,1,1,1,1,1,1,1,1,1,1,1,1,1,1,1,1,1,1,1,1,1,1,1,1,1,1,1,1,1,1,1,1,1,1,1,1,1,1,1,1,1,1,1,1,1,1,1,1,1,1,1,1,1,1,1,1,1,1,1,1,1,1,1,1,1,1,1,1,1,1,1,1,1,1,1,1,1,1,1,1,1,1,1,1,1,1,1,1,1,1,1,1,1,1,1,1,1,1,1,1,1,1,1,1,1,1,1,1,1,1,1,1,1,1,1,1,1,1,1,1,1,1,1,1,1,1,1,1,1,1,1,1,1,1,1,1', '2015-02-23 23:57:58', '2015-02-23 23:57:58'),
(6750, '136,133,133,132,129,128,127,126,125,124,124,124,124,123,123,122,120,120,120,119,119,119,119,119,119,119,119,119,119,120,121,122,123,124,125,126,126,127,127,129,130,131,131,132,133,134,134,135,137,137,138,140,141,142,143,145,147,149,152,154,156,158,160,163,164,166,168,171,172,175,176,178,179,180,181,182,183,184,185,187,188,189,190,190,191,193,194,196,197,198,199,201,203,205,206,209,210,211,212,212,212,212,212,212,210,209,207,206,203,201,200,197,195,192,190,189,187,186,184,183,182,180,178,176,175,174,172,170,168,167,166,164,162,161,160,158,155,153,151,149,148,146,145,145,144,144,143,141,141,139,137,136,135,134,133,132,131', '155,158,161,164,169,171,173,176,179,183,184,186,189,193,196,198,202,208,210,214,216,219,220,221,223,224,225,226,227,228,229,230,231,232,233,233,234,235,236,237,237,237,238,238,239,240,241,241,242,243,244,245,246,246,247,247,248,248,249,249,249,250,250,250,250,250,250,250,250,250,250,250,250,250,250,250,250,249,249,248,247,246,246,245,244,242,242,240,238,237,236,234,233,230,229,224,222,220,216,212,207,203,196,190,183,180,175,171,166,163,160,158,154,153,151,149,148,147,146,146,145,144,143,143,143,142,142,142,142,142,142,142,142,142,142,142,142,142,143,144,144,146,146,147,147,148,148,149,150,151,152,153,153,154,155,156,157', 20, 4, '1,1,1,1,1,1,1,1,1,1,1,1,1,1,1,1,1,1,1,1,1,1,1,1,1,1,1,1,1,1,1,1,1,1,1,1,1,1,1,1,1,1,1,1,1,1,1,1,1,1,1,1,1,1,1,1,1,1,1,1,1,1,1,1,1,1,1,1,1,1,1,1,1,1,1,1,1,1,1,1,1,1,1,1,1,1,1,1,1,1,1,1,1,1,1,1,1,1,1,1,1,1,1,1,1,1,1,1,1,1,1,1,1,1,1,1,1,1,1,1,1,1,1,1,1,1,1,1,1,1,1,1,1,1,1,1,1,1,1,1,1,1,1,1,1,1,1,1,1,1,1,1,1,1,1,1,1', '2015-02-24 00:05:45', '2015-02-24 00:05:45'),
(6751, '332,333,335,336,340,342,343,344,346,347,349,350,352,353,356,357,358,359,360,361,362,363,364,365,366,367,368,369,370,371,372,373,374,376,377', '393,393,393,393,393,394,394,394,394,394,394,394,394,394,394,394,394,394,394,394,394,394,394,394,394,394,394,394,394,394,394,394,394,394,394', 20, 4, '1,1,1,1,1,1,1,1,1,1,1,1,1,1,1,1,1,1,1,1,1,1,1,1,1,1,1,1,1,1,1,1,1,1,1', '2015-02-24 00:06:39', '2015-02-24 00:06:39'),
(6752, '162,163,162,158,155,152,147,146,143,139,136,134,131,130,127,126,125,123,123,121,119,119,118,115,114,114,114,113,113,113,113,113,113,113,114,115,116,116,119,120,122,124,127,130,133,138,142,148,154,162,171,179,188,199,208,217,221,227,233,237,238,241,242,245,245,248,249,249,252,252,252,252,252,252,252,252,250,247,244,240,236,232,229,224,220,214,211,205,198,195,190,185,183,181,178,176,175,173,172,171,169,167,165,164,163,161,159,158,157,155,154,153,151,150,149,149,149,149,149,149,149,149,149,149,150,151,151,152,152,153,154,155,156,157,157', '342,343,343,345,347,348,349,350,350,352,354,356,357,358,360,363,365,368,370,375,378,380,383,388,390,393,397,401,405,407,411,414,417,420,423,426,428,431,433,434,438,439,441,443,443,445,446,447,447,448,450,451,451,451,451,451,451,450,447,445,444,442,440,437,435,432,430,427,422,419,416,413,409,405,401,398,393,389,383,378,374,370,367,363,359,356,353,350,347,345,341,338,335,334,332,331,330,329,328,328,327,327,327,327,327,327,327,327,327,325,325,325,326,327,328,329,331,332,335,337,340,342,343,344,344,345,346,346,347,347,347,347,347,347,346', 20, 4, '1,1,1,1,1,1,1,1,1,1,1,1,1,1,1,1,1,1,1,1,1,1,1,1,1,1,1,1,1,1,1,1,1,1,1,1,1,1,1,1,1,1,1,1,1,1,1,1,1,1,1,1,1,1,1,1,1,1,1,1,1,1,1,1,1,1,1,1,1,1,1,1,1,1,1,1,1,1,1,1,1,1,1,1,1,1,1,1,1,1,1,1,1,1,1,1,1,1,1,1,1,1,1,1,1,1,1,1,1,1,1,1,1,1,1,1,1,1,1,1,1,1,1,1,1,1,1,1,1,1,1,1,1,1,1', '2015-02-24 00:06:52', '2015-02-24 00:06:52'),
(6753, '381,381,380,376,373,367,360,354,346,336,329,322,320,315,313,312,310,309,307,306,305,303,301,299,299,297,295,292,292,289,289,288,288,287,286,285,285,285,285,285,285,285,285,285,285,284,284,284,284,284,284,284,284,284,285,286,288,289,292,295,297,301,303,305,306,309,312,313,317,322,330,336,344,351,355,359,364,367,370,371,373,375,378,381,383,385,388,389,390,392,394,396,397,398,401,403,404,405,406,407,407,408,408,409,409,409,409,409,409,409,409,409,408,407,405,404,403,401,400,399,398,397,396,395,394,392,391,390,389,388,387,386,385,383,382,380,379,379', '537,536,536,535,534,532,530,528,527,524,523,522,520,520,520,519,519,519,519,519,519,519,519,520,521,521,523,525,526,529,531,533,534,536,538,541,542,545,548,550,553,557,560,563,565,568,571,573,576,578,579,582,585,587,589,591,595,596,598,600,602,603,606,606,606,607,608,608,609,610,610,610,610,611,611,611,612,612,612,612,612,612,612,612,612,610,608,606,605,603,600,597,595,593,591,585,581,578,576,572,569,567,566,563,561,559,557,556,554,553,550,548,545,543,541,540,538,536,535,534,534,534,534,534,534,534,534,534,534,534,534,534,534,534,534,534,534,535', 20, 4, '1,1,1,1,1,1,1,1,1,1,1,1,1,1,1,1,1,1,1,1,1,1,1,1,1,1,1,1,1,1,1,1,1,1,1,1,1,1,1,1,1,1,1,1,1,1,1,1,1,1,1,1,1,1,1,1,1,1,1,1,1,1,1,1,1,1,1,1,1,1,1,1,1,1,1,1,1,1,1,1,1,1,1,1,1,1,1,1,1,1,1,1,1,1,1,1,1,1,1,1,1,1,1,1,1,1,1,1,1,1,1,1,1,1,1,1,1,1,1,1,1,1,1,1,1,1,1,1,1,1,1,1,1,1,1,1,1,1,1,1,1,1,1,1,1,1,1,1,1,1,1,1,1,1,1,1,1,1,1,1,1,1,1,1,1,1,1,1,1,1,1,1,1,1,1,1,1,1,1,1,1,1,1,1,1,1,1,1,1,1,1,1,1,1,1,1,1,1,1,1,1,1,1,1,1,1,1,1,1,1,1,1,1,1,1,1,1,1,1,1,1,1,1,1,1,1,1,1,1,1,1,1,1,1,1,1,1,1,1,1,1,1,1,1,1,1,1,1,1,1,1,1,1,1,1,1,1,1,1,1,1,1,1,1,1,1,1,1,1,1,1,1,1', '2015-02-24 00:06:57', '2015-02-24 00:06:57'),
(6754, '350,350,350,350,350,350,346,344,336,333,326,321,314,307,301,292,286,277,269,263,257,252,247,242,238,234,230,225,221,218,214,208,204,194,190,185,181,178,173,171,171,170,170,170,171,172,174,176,179,181,185,188,191,195,198,202,205,211,220,230,242,258,270,284,296,308,319,326,336,343,345,348,350,350,350,351,351,351,351,351,351,351,351,351,351,351,349,349,347,346,344,343,341,341,341,341,341,341,341,341,341,341,342,342,342,343,343,344,344,345,345', '128,128,126,124,121,117,112,107,102,100,95,91,87,82,79,75,72,70,66,64,62,61,61,60,60,60,60,60,60,60,61,62,65,71,73,76,80,81,86,89,92,100,106,110,116,119,123,127,132,134,138,140,143,146,148,151,154,157,162,168,172,177,179,182,183,183,183,183,183,182,181,179,178,177,175,174,172,171,169,167,166,165,164,163,161,159,157,155,154,152,151,148,146,144,143,141,139,137,136,134,131,130,128,127,126,124,123,122,121,121,120', 28, 4, '1,1,1,1,1,1,1,1,1,1,1,1,1,1,1,1,1,1,1,1,1,1,1,1,1,1,1,1,1,1,1,1,1,1,1,1,1,1,1,1,1,1,1,1,1,1,1,1,1,1,1,1,1,1,1,1,1,1,1,1,1,1,1,1,1,1,1,1,1,1,1,1,1,1,1,1,1,1,1,1,1,1,1,1,1,1,1,1,1,1,1,1,1,1,1,1,1,1,1,1,1,1,1,1,1,1,1,1,1,1,1', '2015-02-24 04:19:44', '2015-02-24 04:19:44');

-- --------------------------------------------------------

--
-- Table structure for table `documents`
--

CREATE TABLE IF NOT EXISTS `documents` (
  `id` int(10) unsigned NOT NULL AUTO_INCREMENT,
  `productId` int(11) NOT NULL,
  `title` varchar(255) COLLATE utf8_unicode_ci NOT NULL,
  `name` varchar(255) COLLATE utf8_unicode_ci NOT NULL,
  `addedBy` int(11) NOT NULL,
  `created_at` timestamp NOT NULL DEFAULT '0000-00-00 00:00:00',
  `updated_at` timestamp NOT NULL DEFAULT '0000-00-00 00:00:00',
  `version` varchar(255) COLLATE utf8_unicode_ci NOT NULL,
  PRIMARY KEY (`id`)
) ENGINE=InnoDB  DEFAULT CHARSET=utf8 COLLATE=utf8_unicode_ci AUTO_INCREMENT=29 ;

--
-- Dumping data for table `documents`
--

INSERT INTO `documents` (`id`, `productId`, `title`, `name`, `addedBy`, `created_at`, `updated_at`, `version`) VALUES
(19, 28, 'paper1', '1421091177.pdf', 4, '2015-01-13 03:32:57', '2015-01-13 03:32:57', '1'),
(20, 28, 'paper2', '1421091206.pdf', 4, '2015-01-13 03:33:26', '2015-01-13 03:33:26', '1.5'),
(21, 28, 'paper1.5', '1421091248.pdf', 4, '2015-01-13 03:34:08', '2015-01-13 03:34:08', '1'),
(22, 28, 'paper2.5', '1421091269.pdf', 4, '2015-01-13 03:34:29', '2015-01-13 03:34:29', '1.5'),
(24, 6, 'home page', '1424255411.pdf', 4, '2015-02-18 04:45:11', '2015-02-18 04:45:11', '0.1'),
(26, 6, 'home page', '1424255694.pdf', 4, '2015-02-18 04:49:54', '2015-02-18 04:49:54', '1.0'),
(28, 6, 'remittance page', '1424672970.pdf', 4, '2015-02-23 00:44:30', '2015-02-23 00:44:30', '0.1');

-- --------------------------------------------------------

--
-- Table structure for table `fabrics`
--

CREATE TABLE IF NOT EXISTS `fabrics` (
  `id` int(11) NOT NULL AUTO_INCREMENT,
  `obj` longtext NOT NULL,
  PRIMARY KEY (`id`)
) ENGINE=InnoDB DEFAULT CHARSET=latin1 AUTO_INCREMENT=1 ;

-- --------------------------------------------------------

--
-- Table structure for table `memberType`
--

CREATE TABLE IF NOT EXISTS `memberType` (
  `id` int(11) NOT NULL AUTO_INCREMENT,
  `name` varchar(255) NOT NULL,
  `description` text,
  `added` timestamp NOT NULL DEFAULT CURRENT_TIMESTAMP ON UPDATE CURRENT_TIMESTAMP,
  `updated` timestamp NOT NULL DEFAULT '0000-00-00 00:00:00',
  `addedBy` int(11) NOT NULL,
  PRIMARY KEY (`id`)
) ENGINE=InnoDB  DEFAULT CHARSET=latin1 AUTO_INCREMENT=2 ;

--
-- Dumping data for table `memberType`
--

INSERT INTO `memberType` (`id`, `name`, `description`, `added`, `updated`, `addedBy`) VALUES
(1, 'Manager', NULL, '2014-12-19 23:13:47', '0000-00-00 00:00:00', 0);

-- --------------------------------------------------------

--
-- Table structure for table `members`
--

CREATE TABLE IF NOT EXISTS `members` (
  `id` int(10) unsigned NOT NULL AUTO_INCREMENT,
  `name` varchar(255) COLLATE utf8_unicode_ci NOT NULL,
  `memberType` int(11) NOT NULL,
  `email` varchar(255) COLLATE utf8_unicode_ci NOT NULL,
  `password` varchar(255) COLLATE utf8_unicode_ci NOT NULL,
  `status` enum('1','0') COLLATE utf8_unicode_ci NOT NULL,
  `department` varchar(255) COLLATE utf8_unicode_ci NOT NULL,
  `remember_token` varchar(255) COLLATE utf8_unicode_ci DEFAULT NULL,
  `created_at` timestamp NOT NULL DEFAULT '0000-00-00 00:00:00',
  `updated_at` timestamp NOT NULL DEFAULT '0000-00-00 00:00:00',
  PRIMARY KEY (`id`)
) ENGINE=InnoDB  DEFAULT CHARSET=utf8 COLLATE=utf8_unicode_ci AUTO_INCREMENT=12 ;

--
-- Dumping data for table `members`
--

INSERT INTO `members` (`id`, `name`, `memberType`, `email`, `password`, `status`, `department`, `remember_token`, `created_at`, `updated_at`) VALUES
(4, 'root', 0, 'root@ipay.com', '$2y$10$spALB6guf0M83r3FR8tf7uPVFxKAVQUOt5MRxmcx2adH7OjJQYVVi', '1', '0', 'I5cGgjPKX253B1LbTj5bFdt747wTJCtDsj3EBXLcrxxB5VHKGvwGmsCc1eFI', '2014-12-17 09:55:45', '2015-02-24 02:48:56'),
(5, 'kali chaudhary', 3, 'kali@ipay.com', '$2y$10$2R7v06//DpQBoBrHfct3k.432w9.ZklPfpJ8k/XBRDYm9ADHUmkzq', '1', 'product', 'iuxTjYrsBR6KUBpTo7STctU4cZwU54D7Kg5NuKccU7V7Kn1TrfktZhM1vjgw', '2014-12-19 08:31:01', '2014-12-20 06:50:40'),
(6, 'Manoj ', 4, 'manoj@ipay.com', '$2y$10$MpHiI01uzx5j.AUjR9IfKuq7gAcNec8ZtkO60SNuzzmSv0jf/oeye', '1', '0', 'JAIinBffD1h0CBhMyWOQbszj1zxvJsLD6wFHasffYng0UqzbC2IzOTxWJyn3', '2014-12-19 08:32:49', '2015-02-22 06:22:05'),
(7, 'pratik', 2, 'pratik@ipay.com', '$2y$10$r2h0CvrDyazDZ1/V7V3Aweqoi1M9gaWe7jrhQwee/pTg1df3qTd8y', '1', 'survice', 'FvnsMVYccXVM4rlSqhuvvwcN2tR9344BorXhDCVd7iyGtYgljHmGiTOkO96q', '2014-12-19 08:33:39', '2014-12-20 06:50:17'),
(8, 'kigan', 1, 'kigan@ipay.com', '$2y$10$cuQHz808rAk/8UfOZsTJG.plRR0eq5eFFjxtXsnAmKy7UARTrHg/2', '1', 'survice', 'xGaCE0T8GMOoVMrG42qCSSozJuTdSrba5T8QDrV09Oe2xoJDqa6L1iQTEjlv', '2014-12-19 10:02:59', '2015-01-11 20:40:52'),
(10, 'prem', 2, 'prem@ipay.com', '$2y$10$TiVqrML1Ym3jJu05CNA1cuK5VAh7fTlYIN2YpVEj.pOdgOE7kmduC', '1', '0', 'bKPJ7iZlfYfIn2aFRUWJlzz5mh2phWjNqBULaBfanAAwSF56qXrFR9j8zufr', '2014-12-20 06:58:49', '2015-02-18 04:32:15'),
(11, 'Ramesh', 2, 'ramesh@ipay.com', '$2y$10$XFA9VXWiPhi2D0NPlptdW.5PL/ES2HtYMA.jzfwxnBvSSAyQmM1Ui', '1', 'survice', NULL, '2015-01-13 02:07:32', '2015-01-13 02:07:32');

-- --------------------------------------------------------

--
-- Table structure for table `migrations`
--

CREATE TABLE IF NOT EXISTS `migrations` (
  `migration` varchar(255) COLLATE utf8_unicode_ci NOT NULL,
  `batch` int(11) NOT NULL
) ENGINE=InnoDB DEFAULT CHARSET=utf8 COLLATE=utf8_unicode_ci;

--
-- Dumping data for table `migrations`
--

INSERT INTO `migrations` (`migration`, `batch`) VALUES
('2014_12_12_235601_create_memberType_table', 1),
('2014_12_13_010136_create_member_table', 1),
('2013_11_05_155858_create_users_table', 2),
('2014_12_15_202926_create_members_table', 3),
('2014_12_19_183358_create_productType_table', 4),
('2014_12_21_223334_create_files_tables', 5),
('2014_12_22_195706_create_documents_table', 6);

-- --------------------------------------------------------

--
-- Table structure for table `productTypes`
--

CREATE TABLE IF NOT EXISTS `productTypes` (
  `id` int(10) unsigned NOT NULL AUTO_INCREMENT,
  `name` varchar(255) COLLATE utf8_unicode_ci NOT NULL,
  `description` varchar(255) COLLATE utf8_unicode_ci NOT NULL,
  PRIMARY KEY (`id`)
) ENGINE=InnoDB  DEFAULT CHARSET=utf8 COLLATE=utf8_unicode_ci AUTO_INCREMENT=5 ;

--
-- Dumping data for table `productTypes`
--

INSERT INTO `productTypes` (`id`, `name`, `description`) VALUES
(1, 'Paper Design', ''),
(2, 'Mockup', ''),
(3, 'Wireframe', ''),
(4, 'HTML', '');

-- --------------------------------------------------------

--
-- Table structure for table `products`
--

CREATE TABLE IF NOT EXISTS `products` (
  `id` int(11) NOT NULL AUTO_INCREMENT,
  `productTypeId` int(11) NOT NULL,
  `projectId` int(11) NOT NULL,
  PRIMARY KEY (`id`)
) ENGINE=InnoDB  DEFAULT CHARSET=latin1 AUTO_INCREMENT=38 ;

--
-- Dumping data for table `products`
--

INSERT INTO `products` (`id`, `productTypeId`, `projectId`) VALUES
(6, 4, 4),
(7, 1, 21),
(8, 1, 22),
(9, 2, 22),
(10, 3, 22),
(11, 4, 22),
(28, 1, 23),
(29, 2, 23),
(30, 3, 23),
(31, 4, 23),
(34, 3, 2),
(35, 4, 2),
(36, 2, 24),
(37, 4, 24);

-- --------------------------------------------------------

--
-- Table structure for table `projectTeams`
--

CREATE TABLE IF NOT EXISTS `projectTeams` (
  `projectId` int(11) NOT NULL,
  `memberId` int(11) NOT NULL
) ENGINE=InnoDB DEFAULT CHARSET=latin1;

--
-- Dumping data for table `projectTeams`
--

INSERT INTO `projectTeams` (`projectId`, `memberId`) VALUES
(18, 8),
(18, 1),
(18, 2),
(18, 7),
(19, 8),
(19, 1),
(19, 2),
(19, 7),
(20, 5),
(20, 6),
(4, 1),
(4, 2),
(4, 7),
(4, 5),
(21, 8),
(22, 8),
(22, 5),
(22, 6),
(23, 8),
(23, 10),
(23, 5),
(23, 6),
(2, 8),
(2, 5),
(2, 6),
(24, 8),
(24, 11),
(24, 5),
(24, 6);

-- --------------------------------------------------------

--
-- Table structure for table `projects`
--

CREATE TABLE IF NOT EXISTS `projects` (
  `id` int(11) NOT NULL AUTO_INCREMENT,
  `name` varchar(255) NOT NULL,
  `description` varchar(255) DEFAULT NULL,
  `status` enum('1','0') NOT NULL,
  `created_at` timestamp NOT NULL DEFAULT CURRENT_TIMESTAMP ON UPDATE CURRENT_TIMESTAMP,
  `updated_at` timestamp NOT NULL DEFAULT '0000-00-00 00:00:00',
  `startDate` date NOT NULL,
  `finishDate` date NOT NULL,
  `createdBy` int(11) NOT NULL,
  PRIMARY KEY (`id`)
) ENGINE=InnoDB  DEFAULT CHARSET=latin1 AUTO_INCREMENT=25 ;

--
-- Dumping data for table `projects`
--

INSERT INTO `projects` (`id`, `name`, `description`, `status`, `created_at`, `updated_at`, `startDate`, `finishDate`, `createdBy`) VALUES
(2, 'KYC', '		    	        				    	        				    	        				    	        				    	        				    	        				    	        				    	        				    	        				    	        				    	        				    	        		This is KYC project.        		\r\n		    	        	\r\n	', '1', '2015-02-19 05:21:27', '2015-02-18 23:36:27', '2014-12-14', '2014-12-25', 2),
(4, 'IPAY', '		    	        				    	        		\r\n		    	        	\r\n		    	        	', '1', '2014-12-19 22:09:54', '2014-12-20 06:09:54', '2014-12-14', '2014-12-25', 2),
(19, 'agile', '		    	        		\r\n		    	        	', '1', '2014-12-20 04:32:32', '2014-12-20 04:32:32', '0000-00-00', '0000-00-00', 4),
(20, 'mockup_version', '		    	        				    	        		\r\n		    	        	\r\n		    	        	', '1', '2014-12-19 20:51:03', '2014-12-20 04:51:03', '2014-12-14', '2014-12-25', 4),
(22, 'prem', '		    	        		\r\n		    	        	', '1', '2014-12-20 06:17:13', '2014-12-20 06:17:13', '2014-12-14', '2014-12-25', 4),
(23, 'agile1', '		    	        				    	        				    	        				    	        				    	        		\r\n		    	        	\r\n		    	        	\r\n		    	        	\r\n		    	        	\r\n		    	        	', '1', '2015-01-11 10:57:13', '2015-01-11 18:57:13', '0000-00-00', '0000-00-00', 8),
(24, 'testing1', 'this is testing project		    	        		\r\n		    	        	', '1', '2015-02-24 03:03:57', '2015-02-24 03:03:57', '2015-02-04', '2015-02-25', 4);

-- --------------------------------------------------------

--
-- Table structure for table `texts`
--

CREATE TABLE IF NOT EXISTS `texts` (
  `id` int(11) NOT NULL AUTO_INCREMENT,
  `X` int(11) NOT NULL,
  `Y` int(11) NOT NULL,
  `textId` int(11) NOT NULL,
  `data` mediumtext NOT NULL,
  `documentId` int(11) NOT NULL,
  `userId` int(11) NOT NULL,
  `created_at` datetime NOT NULL,
  `updated_at` datetime NOT NULL,
  `page` int(11) NOT NULL,
  PRIMARY KEY (`id`)
) ENGINE=InnoDB  DEFAULT CHARSET=latin1 AUTO_INCREMENT=84 ;

--
-- Dumping data for table `texts`
--

INSERT INTO `texts` (`id`, `X`, `Y`, `textId`, `data`, `documentId`, `userId`, `created_at`, `updated_at`, `page`) VALUES
(60, 375, 258, 2, 'thi sisfkdhjfsfsdfs', 6, 4, '2015-01-11 06:27:58', '2015-01-11 06:27:58', 1),
(62, 454, 475, 62, 'ghdkhkdkss', 6, 4, '2015-01-11 06:43:11', '2015-01-11 06:43:11', 1),
(63, 533, 1069, 63, 'dsds', 6, 4, '2015-01-11 06:43:14', '2015-01-11 06:43:14', 2),
(68, 462, 424, 2, 'title', 11, 4, '2015-01-11 11:03:26', '2015-01-11 11:03:26', 1),
(69, 417, 653, 3, 'description', 11, 4, '2015-01-11 11:03:52', '2015-01-11 11:03:52', 1),
(70, 423, 418, 71, 'launch', 11, 4, '2015-01-11 11:11:07', '2015-01-11 11:11:07', 1),
(72, 495, 476, 3, 'hdjfhdjhfdf', 13, 4, '2015-01-11 12:40:20', '2015-01-11 12:40:20', 1),
(73, 548, 535, 4, 'dfdfd', 13, 4, '2015-01-11 12:40:24', '2015-01-11 12:40:24', 1),
(75, 604, 172, 75, 'thisw is  tilehjewewe', 13, 6, '2015-01-11 12:42:39', '2015-01-11 12:42:39', 1),
(76, 624, 176, 77, 'jgfkfjkjkgf', 13, 4, '2015-01-11 12:46:27', '2015-01-11 12:46:27', 1),
(77, 740, 762, 78, 'fgfgfgfgfgf', 13, 4, '2015-01-11 12:47:13', '2015-01-11 12:47:13', 1),
(79, 425, 382, 80, 'this is test', 19, 4, '2015-02-24 05:37:16', '2015-02-24 05:37:16', 1),
(80, 506, 192, 2, 'site name ', 24, 4, '2015-02-24 05:38:54', '2015-02-24 05:38:54', 1),
(81, 408, 275, 2, 'title sdjsldksd', 20, 4, '2015-02-24 05:50:43', '2015-02-24 05:50:43', 1),
(82, 471, 181, 2, 'title', 28, 4, '2015-02-24 10:04:51', '2015-02-24 10:04:51', 1),
(83, 445, 428, 2, 'dhfskdfksjdfkksdjfkdsjkdfjskdfjksdjfskfsdfs', 22, 4, '2015-02-25 04:09:09', '2015-02-25 04:09:09', 1);

-- --------------------------------------------------------

--
-- Table structure for table `users`
--

CREATE TABLE IF NOT EXISTS `users` (
  `id` int(10) unsigned NOT NULL AUTO_INCREMENT,
  `name` varchar(32) COLLATE utf8_unicode_ci NOT NULL,
  `username` varchar(32) COLLATE utf8_unicode_ci NOT NULL,
  `email` varchar(320) COLLATE utf8_unicode_ci NOT NULL,
  `password` varchar(64) COLLATE utf8_unicode_ci NOT NULL,
  `created_at` timestamp NOT NULL DEFAULT '0000-00-00 00:00:00',
  `updated_at` timestamp NOT NULL DEFAULT '0000-00-00 00:00:00',
  PRIMARY KEY (`id`)
) ENGINE=InnoDB DEFAULT CHARSET=utf8 COLLATE=utf8_unicode_ci AUTO_INCREMENT=1 ;

/*!40101 SET CHARACTER_SET_CLIENT=@OLD_CHARACTER_SET_CLIENT */;
/*!40101 SET CHARACTER_SET_RESULTS=@OLD_CHARACTER_SET_RESULTS */;
/*!40101 SET COLLATION_CONNECTION=@OLD_COLLATION_CONNECTION */;
